"","plot","treatment","month","year","total","reproductive","proportion","seasonID","PB_period","plotID"
"1",2,"control",2,1996,1,0,0,"1","2","1"
"2",2,"control",2,2007,1,0,0,"1","2","1"
"3",2,"control",3,1996,1,0,0,"2","2","1"
"4",2,"control",3,2003,1,0,0,"2","2","1"
"5",2,"control",3,2007,1,0,0,"2","2","1"
"6",2,"control",3,2014,1,0,0,"2","3","1"
"7",2,"control",4,1996,1,1,1,"2","2","1"
"8",2,"control",4,1997,2,1,0.5,"2","2","1"
"9",2,"control",4,2001,1,0,0,"2","2","1"
"10",2,"control",4,2002,2,0,0,"2","2","1"
"11",2,"control",4,2004,1,0,0,"2","2","1"
"12",2,"control",4,2005,3,1,0.333333333333333,"2","2","1"
"13",2,"control",4,2006,2,0,0,"2","2","1"
"14",2,"control",4,2007,2,0,0,"2","2","1"
"15",2,"control",4,2011,1,0,0,"2","3","1"
"16",2,"control",4,2012,1,0,0,"2","3","1"
"17",2,"control",4,2014,1,0,0,"2","3","1"
"18",2,"control",5,1996,2,0,0,"2","2","1"
"19",2,"control",5,1997,2,0,0,"2","2","1"
"20",2,"control",5,2002,2,0,0,"2","2","1"
"21",2,"control",5,2003,8,3,0.375,"2","2","1"
"22",2,"control",5,2004,2,1,0.5,"2","2","1"
"23",2,"control",5,2005,2,1,0.5,"2","2","1"
"24",2,"control",5,2006,1,0,0,"2","2","1"
"25",2,"control",5,2008,1,0,0,"2","2","1"
"26",2,"control",5,2009,2,0,0,"2","2","1"
"27",2,"control",5,2010,1,1,1,"2","2","1"
"28",2,"control",5,2011,2,0,0,"2","3","1"
"29",2,"control",5,2013,4,0,0,"2","3","1"
"30",2,"control",5,2014,4,0,0,"2","3","1"
"31",2,"control",6,1996,2,1,0.5,"3","2","1"
"32",2,"control",6,1997,1,1,1,"3","2","1"
"33",2,"control",6,2002,1,0,0,"3","2","1"
"34",2,"control",6,2003,6,3,0.5,"3","2","1"
"35",2,"control",6,2004,3,1,0.333333333333333,"3","2","1"
"36",2,"control",6,2005,1,1,1,"3","2","1"
"37",2,"control",6,2008,4,2,0.5,"3","2","1"
"38",2,"control",6,2009,1,0,0,"3","2","1"
"39",2,"control",6,2012,5,2,0.4,"3","3","1"
"40",2,"control",6,2014,7,1,0.142857142857143,"3","3","1"
"41",2,"control",7,1995,4,1,0.25,"3","2","1"
"42",2,"control",7,1996,1,1,1,"3","2","1"
"43",2,"control",7,2000,1,0,0,"3","2","1"
"44",2,"control",7,2002,4,0,0,"3","2","1"
"45",2,"control",7,2003,5,2,0.4,"3","2","1"
"46",2,"control",7,2004,1,0,0,"3","2","1"
"47",2,"control",7,2005,5,0,0,"3","2","1"
"48",2,"control",7,2006,6,0,0,"3","2","1"
"49",2,"control",7,2007,1,0,0,"3","2","1"
"50",2,"control",7,2008,2,1,0.5,"3","2","1"
"51",2,"control",7,2009,1,0,0,"3","2","1"
"52",2,"control",7,2010,1,0,0,"3","2","1"
"53",2,"control",7,2011,1,1,1,"3","3","1"
"54",2,"control",7,2012,7,1,0.142857142857143,"3","3","1"
"55",2,"control",7,2013,4,0,0,"3","3","1"
"56",2,"control",8,1994,1,0,0,"3","1","1"
"57",2,"control",8,1995,2,0,0,"3","2","1"
"58",2,"control",8,1996,1,1,1,"3","2","1"
"59",2,"control",8,1998,1,0,0,"3","2","1"
"60",2,"control",8,2000,2,0,0,"3","2","1"
"61",2,"control",8,2001,1,0,0,"3","2","1"
"62",2,"control",8,2003,2,0,0,"3","2","1"
"63",2,"control",8,2004,2,0,0,"3","2","1"
"64",2,"control",8,2005,6,0,0,"3","2","1"
"65",2,"control",8,2008,3,0,0,"3","2","1"
"66",2,"control",8,2009,4,0,0,"3","2","1"
"67",2,"control",8,2011,8,1,0.125,"3","3","1"
"68",2,"control",8,2012,6,0,0,"3","3","1"
"69",2,"control",8,2014,10,0,0,"3","3","1"
"70",2,"control",9,1983,1,0,0,"4","1","1"
"71",2,"control",9,1994,1,0,0,"4","1","1"
"72",2,"control",9,1995,8,1,0.125,"4","2","1"
"73",2,"control",9,1996,2,0,0,"4","2","1"
"74",2,"control",9,1997,1,0,0,"4","2","1"
"75",2,"control",9,2004,4,0,0,"4","2","1"
"76",2,"control",9,2005,7,0,0,"4","2","1"
"77",2,"control",9,2006,2,2,1,"4","2","1"
"78",2,"control",9,2007,2,0,0,"4","2","1"
"79",2,"control",9,2009,1,0,0,"4","2","1"
"80",2,"control",9,2010,5,0,0,"4","2","1"
"81",2,"control",9,2012,7,0,0,"4","3","1"
"82",2,"control",9,2013,5,1,0.2,"4","3","1"
"83",2,"control",9,2014,4,0,0,"4","3","1"
"84",2,"control",10,1994,1,0,0,"4","1","1"
"85",2,"control",10,1995,6,0,0,"4","2","1"
"86",2,"control",10,2002,2,1,0.5,"4","2","1"
"87",2,"control",10,2004,2,0,0,"4","2","1"
"88",2,"control",10,2011,5,0,0,"4","3","1"
"89",2,"control",10,2012,5,0,0,"4","3","1"
"90",2,"control",10,2014,2,0,0,"4","3","1"
"91",2,"control",11,1999,1,0,0,"4","2","1"
"92",2,"control",11,2002,1,0,0,"4","2","1"
"93",2,"control",11,2005,1,0,0,"4","2","1"
"94",2,"control",11,2006,5,0,0,"4","2","1"
"95",2,"control",11,2010,2,0,0,"4","2","1"
"96",2,"control",11,2012,2,0,0,"4","3","1"
"97",2,"control",11,2014,2,0,0,"4","3","1"
"98",2,"control",12,1995,1,0,0,"1","2","1"
"99",2,"control",12,2005,1,0,0,"1","2","1"
"100",2,"control",12,2006,3,0,0,"1","2","1"
"101",3,"exclosure",1,1996,1,0,0,"1","2","2"
"102",3,"exclosure",2,1996,2,0,0,"1","2","2"
"103",3,"exclosure",3,1996,1,0,0,"2","2","2"
"104",3,"exclosure",3,2003,1,0,0,"2","2","2"
"105",3,"exclosure",3,2005,1,0,0,"2","2","2"
"106",3,"exclosure",3,2012,2,1,0.5,"2","3","2"
"107",3,"exclosure",3,2014,2,0,0,"2","3","2"
"108",3,"exclosure",4,1993,1,0,0,"2","1","2"
"109",3,"exclosure",4,1995,1,0,0,"2","2","2"
"110",3,"exclosure",4,1996,2,1,0.5,"2","2","2"
"111",3,"exclosure",4,1997,3,0,0,"2","2","2"
"112",3,"exclosure",4,1999,1,0,0,"2","2","2"
"113",3,"exclosure",4,2002,2,2,1,"2","2","2"
"114",3,"exclosure",4,2005,3,2,0.666666666666667,"2","2","2"
"115",3,"exclosure",4,2007,1,0,0,"2","2","2"
"116",3,"exclosure",4,2009,1,0,0,"2","2","2"
"117",3,"exclosure",4,2012,3,1,0.333333333333333,"2","3","2"
"118",3,"exclosure",4,2013,7,0,0,"2","3","2"
"119",3,"exclosure",5,1994,1,0,0,"2","1","2"
"120",3,"exclosure",5,1996,1,1,1,"2","2","2"
"121",3,"exclosure",5,1998,1,0,0,"2","2","2"
"122",3,"exclosure",5,2002,2,1,0.5,"2","2","2"
"123",3,"exclosure",5,2003,2,1,0.5,"2","2","2"
"124",3,"exclosure",5,2005,2,1,0.5,"2","2","2"
"125",3,"exclosure",5,2006,1,0,0,"2","2","2"
"126",3,"exclosure",5,2007,1,0,0,"2","2","2"
"127",3,"exclosure",5,2011,3,0,0,"2","3","2"
"128",3,"exclosure",5,2013,7,0,0,"2","3","2"
"129",3,"exclosure",6,1993,3,1,0.333333333333333,"3","1","2"
"130",3,"exclosure",6,1995,5,1,0.2,"3","2","2"
"131",3,"exclosure",6,1996,1,0,0,"3","2","2"
"132",3,"exclosure",6,1997,1,0,0,"3","2","2"
"133",3,"exclosure",6,2002,3,1,0.333333333333333,"3","2","2"
"134",3,"exclosure",6,2003,6,0,0,"3","2","2"
"135",3,"exclosure",6,2004,3,1,0.333333333333333,"3","2","2"
"136",3,"exclosure",6,2005,2,0,0,"3","2","2"
"137",3,"exclosure",6,2007,2,0,0,"3","2","2"
"138",3,"exclosure",6,2008,3,0,0,"3","2","2"
"139",3,"exclosure",6,2012,15,4,0.266666666666667,"3","3","2"
"140",3,"exclosure",6,2014,19,5,0.263157894736842,"3","3","2"
"141",3,"exclosure",7,1985,1,0,0,"3","1","2"
"142",3,"exclosure",7,1993,1,0,0,"3","1","2"
"143",3,"exclosure",7,1994,1,1,1,"3","1","2"
"144",3,"exclosure",7,1995,3,1,0.333333333333333,"3","2","2"
"145",3,"exclosure",7,1997,2,0,0,"3","2","2"
"146",3,"exclosure",7,2002,2,1,0.5,"3","2","2"
"147",3,"exclosure",7,2003,5,1,0.2,"3","2","2"
"148",3,"exclosure",7,2004,1,0,0,"3","2","2"
"149",3,"exclosure",7,2006,2,1,0.5,"3","2","2"
"150",3,"exclosure",7,2011,7,2,0.285714285714286,"3","3","2"
"151",3,"exclosure",7,2012,12,0,0,"3","3","2"
"152",3,"exclosure",7,2013,7,0,0,"3","3","2"
"153",3,"exclosure",8,1993,1,0,0,"3","1","2"
"154",3,"exclosure",8,1994,1,0,0,"3","1","2"
"155",3,"exclosure",8,1995,7,2,0.285714285714286,"3","2","2"
"156",3,"exclosure",8,1996,4,1,0.25,"3","2","2"
"157",3,"exclosure",8,1998,1,0,0,"3","2","2"
"158",3,"exclosure",8,2001,2,0,0,"3","2","2"
"159",3,"exclosure",8,2003,4,0,0,"3","2","2"
"160",3,"exclosure",8,2004,3,0,0,"3","2","2"
"161",3,"exclosure",8,2005,2,0,0,"3","2","2"
"162",3,"exclosure",8,2011,20,5,0.25,"3","3","2"
"163",3,"exclosure",8,2012,16,0,0,"3","3","2"
"164",3,"exclosure",8,2014,16,2,0.125,"3","3","2"
"165",3,"exclosure",9,1993,2,0,0,"4","1","2"
"166",3,"exclosure",9,1994,2,1,0.5,"4","1","2"
"167",3,"exclosure",9,1995,8,3,0.375,"4","2","2"
"168",3,"exclosure",9,1996,3,0,0,"4","2","2"
"169",3,"exclosure",9,2001,3,0,0,"4","2","2"
"170",3,"exclosure",9,2002,1,1,1,"4","2","2"
"171",3,"exclosure",9,2003,1,0,0,"4","2","2"
"172",3,"exclosure",9,2004,3,0,0,"4","2","2"
"173",3,"exclosure",9,2005,1,0,0,"4","2","2"
"174",3,"exclosure",9,2006,1,1,1,"4","2","2"
"175",3,"exclosure",9,2007,2,0,0,"4","2","2"
"176",3,"exclosure",9,2008,1,0,0,"4","2","2"
"177",3,"exclosure",9,2010,4,2,0.5,"4","2","2"
"178",3,"exclosure",9,2012,5,0,0,"4","3","2"
"179",3,"exclosure",9,2013,8,1,0.125,"4","3","2"
"180",3,"exclosure",9,2014,7,0,0,"4","3","2"
"181",3,"exclosure",10,1993,1,0,0,"4","1","2"
"182",3,"exclosure",10,1994,2,0,0,"4","1","2"
"183",3,"exclosure",10,1995,6,0,0,"4","2","2"
"184",3,"exclosure",10,1996,3,0,0,"4","2","2"
"185",3,"exclosure",10,2001,1,1,1,"4","2","2"
"186",3,"exclosure",10,2004,3,0,0,"4","2","2"
"187",3,"exclosure",10,2005,3,0,0,"4","2","2"
"188",3,"exclosure",10,2006,1,1,1,"4","2","2"
"189",3,"exclosure",10,2007,1,0,0,"4","2","2"
"190",3,"exclosure",10,2008,1,0,0,"4","2","2"
"191",3,"exclosure",10,2011,20,4,0.2,"4","3","2"
"192",3,"exclosure",10,2012,10,0,0,"4","3","2"
"193",3,"exclosure",10,2014,5,0,0,"4","3","2"
"194",3,"exclosure",11,1996,1,0,0,"4","2","2"
"195",3,"exclosure",11,2001,1,0,0,"4","2","2"
"196",3,"exclosure",11,2006,2,0,0,"4","2","2"
"197",3,"exclosure",11,2008,1,0,0,"4","2","2"
"198",3,"exclosure",11,2010,2,0,0,"4","2","2"
"199",3,"exclosure",11,2012,2,0,0,"4","3","2"
"200",3,"exclosure",11,2013,5,0,0,"4","3","2"
"201",3,"exclosure",11,2014,4,0,0,"4","3","2"
"202",3,"exclosure",12,1995,3,0,0,"1","2","2"
"203",3,"exclosure",12,2006,3,0,0,"1","2","2"
"204",4,"control",2,2007,1,0,0,"1","2","3"
"205",4,"control",3,2007,3,0,0,"2","2","3"
"206",4,"control",3,2008,1,0,0,"2","2","3"
"207",4,"control",3,2014,4,0,0,"2","3","3"
"208",4,"control",4,1993,1,0,0,"2","1","3"
"209",4,"control",4,1996,1,0,0,"2","2","3"
"210",4,"control",4,2000,2,1,0.5,"2","2","3"
"211",4,"control",4,2002,2,0,0,"2","2","3"
"212",4,"control",4,2004,1,0,0,"2","2","3"
"213",4,"control",4,2005,2,0,0,"2","2","3"
"214",4,"control",4,2006,2,1,0.5,"2","2","3"
"215",4,"control",4,2007,3,0,0,"2","2","3"
"216",4,"control",4,2008,1,0,0,"2","2","3"
"217",4,"control",4,2009,3,1,0.333333333333333,"2","2","3"
"218",4,"control",4,2010,2,0,0,"2","2","3"
"219",4,"control",4,2011,3,0,0,"2","3","3"
"220",4,"control",4,2012,4,1,0.25,"2","3","3"
"221",4,"control",4,2013,6,0,0,"2","3","3"
"222",4,"control",4,2014,5,2,0.4,"2","3","3"
"223",4,"control",5,1997,1,1,1,"2","2","3"
"224",4,"control",5,2002,2,1,0.5,"2","2","3"
"225",4,"control",5,2003,1,0,0,"2","2","3"
"226",4,"control",5,2004,2,2,1,"2","2","3"
"227",4,"control",5,2005,2,2,1,"2","2","3"
"228",4,"control",5,2006,3,2,0.666666666666667,"2","2","3"
"229",4,"control",5,2007,5,2,0.4,"2","2","3"
"230",4,"control",5,2008,4,0,0,"2","2","3"
"231",4,"control",5,2009,2,1,0.5,"2","2","3"
"232",4,"control",5,2011,8,3,0.375,"2","3","3"
"233",4,"control",5,2013,10,0,0,"2","3","3"
"234",4,"control",6,1993,1,0,0,"3","1","3"
"235",4,"control",6,1996,1,0,0,"3","2","3"
"236",4,"control",6,2000,2,1,0.5,"3","2","3"
"237",4,"control",6,2002,3,1,0.333333333333333,"3","2","3"
"238",4,"control",6,2003,3,0,0,"3","2","3"
"239",4,"control",6,2004,6,4,0.666666666666667,"3","2","3"
"240",4,"control",6,2005,2,1,0.5,"3","2","3"
"241",4,"control",6,2007,7,3,0.428571428571429,"3","2","3"
"242",4,"control",6,2008,8,2,0.25,"3","2","3"
"243",4,"control",6,2009,6,0,0,"3","2","3"
"244",4,"control",6,2012,13,3,0.230769230769231,"3","3","3"
"245",4,"control",6,2014,16,3,0.1875,"3","3","3"
"246",4,"control",7,1998,2,1,0.5,"3","2","3"
"247",4,"control",7,2000,1,1,1,"3","2","3"
"248",4,"control",7,2002,3,0,0,"3","2","3"
"249",4,"control",7,2003,2,0,0,"3","2","3"
"250",4,"control",7,2004,4,2,0.5,"3","2","3"
"251",4,"control",7,2005,4,0,0,"3","2","3"
"252",4,"control",7,2006,8,3,0.375,"3","2","3"
"253",4,"control",7,2007,9,0,0,"3","2","3"
"254",4,"control",7,2008,1,0,0,"3","2","3"
"255",4,"control",7,2009,4,0,0,"3","2","3"
"256",4,"control",7,2010,4,3,0.75,"3","2","3"
"257",4,"control",7,2011,4,0,0,"3","3","3"
"258",4,"control",7,2012,19,1,0.0526315789473684,"3","3","3"
"259",4,"control",7,2013,7,0,0,"3","3","3"
"260",4,"control",8,1985,1,0,0,"3","1","3"
"261",4,"control",8,1993,1,0,0,"3","1","3"
"262",4,"control",8,1995,2,0,0,"3","2","3"
"263",4,"control",8,1996,1,1,1,"3","2","3"
"264",4,"control",8,2000,1,0,0,"3","2","3"
"265",4,"control",8,2001,1,0,0,"3","2","3"
"266",4,"control",8,2003,2,0,0,"3","2","3"
"267",4,"control",8,2004,5,1,0.2,"3","2","3"
"268",4,"control",8,2005,4,0,0,"3","2","3"
"269",4,"control",8,2008,2,1,0.5,"3","2","3"
"270",4,"control",8,2009,1,0,0,"3","2","3"
"271",4,"control",8,2011,14,3,0.214285714285714,"3","3","3"
"272",4,"control",8,2012,20,1,0.05,"3","3","3"
"273",4,"control",8,2014,11,0,0,"3","3","3"
"274",4,"control",9,1995,3,0,0,"4","2","3"
"275",4,"control",9,2001,1,0,0,"4","2","3"
"276",4,"control",9,2002,1,0,0,"4","2","3"
"277",4,"control",9,2004,5,1,0.2,"4","2","3"
"278",4,"control",9,2005,5,0,0,"4","2","3"
"279",4,"control",9,2006,4,3,0.75,"4","2","3"
"280",4,"control",9,2007,9,0,0,"4","2","3"
"281",4,"control",9,2008,3,0,0,"4","2","3"
"282",4,"control",9,2010,5,0,0,"4","2","3"
"283",4,"control",9,2012,5,0,0,"4","3","3"
"284",4,"control",9,2013,12,0,0,"4","3","3"
"285",4,"control",9,2014,4,1,0.25,"4","3","3"
"286",4,"control",10,1995,1,0,0,"4","2","3"
"287",4,"control",10,2002,1,0,0,"4","2","3"
"288",4,"control",10,2004,2,0,0,"4","2","3"
"289",4,"control",10,2005,5,0,0,"4","2","3"
"290",4,"control",10,2006,4,1,0.25,"4","2","3"
"291",4,"control",10,2007,2,0,0,"4","2","3"
"292",4,"control",10,2008,2,0,0,"4","2","3"
"293",4,"control",10,2011,27,3,0.111111111111111,"4","3","3"
"294",4,"control",10,2012,7,0,0,"4","3","3"
"295",4,"control",10,2014,2,0,0,"4","3","3"
"296",4,"control",11,2005,2,0,0,"4","2","3"
"297",4,"control",11,2006,5,0,0,"4","2","3"
"298",4,"control",11,2007,2,0,0,"4","2","3"
"299",4,"control",11,2010,2,0,0,"4","2","3"
"300",4,"control",11,2012,2,0,0,"4","3","3"
"301",4,"control",11,2013,7,0,0,"4","3","3"
"302",4,"control",11,2014,1,0,0,"4","3","3"
"303",4,"control",12,1995,1,0,0,"1","2","3"
"304",4,"control",12,2006,3,0,0,"1","2","3"
"305",4,"control",12,2012,1,0,0,"1","3","3"
"306",8,"control",1,2000,1,0,0,"1","2","4"
"307",8,"control",1,2006,1,0,0,"1","2","4"
"308",8,"control",2,2003,1,0,0,"1","2","4"
"309",8,"control",2,2012,1,0,0,"1","3","4"
"310",8,"control",3,1996,1,0,0,"2","2","4"
"311",8,"control",3,2003,2,0,0,"2","2","4"
"312",8,"control",3,2005,2,0,0,"2","2","4"
"313",8,"control",3,2006,2,1,0.5,"2","2","4"
"314",8,"control",3,2007,2,0,0,"2","2","4"
"315",8,"control",3,2012,3,0,0,"2","3","4"
"316",8,"control",3,2013,1,0,0,"2","3","4"
"317",8,"control",3,2014,2,0,0,"2","3","4"
"318",8,"control",4,1996,5,1,0.2,"2","2","4"
"319",8,"control",4,1997,1,0,0,"2","2","4"
"320",8,"control",4,2004,1,0,0,"2","2","4"
"321",8,"control",4,2005,5,4,0.8,"2","2","4"
"322",8,"control",4,2006,3,0,0,"2","2","4"
"323",8,"control",4,2007,3,3,1,"2","2","4"
"324",8,"control",4,2008,1,0,0,"2","2","4"
"325",8,"control",4,2009,2,0,0,"2","2","4"
"326",8,"control",4,2010,1,0,0,"2","2","4"
"327",8,"control",4,2011,1,0,0,"2","3","4"
"328",8,"control",4,2012,4,1,0.25,"2","3","4"
"329",8,"control",4,2013,3,0,0,"2","3","4"
"330",8,"control",4,2014,1,0,0,"2","3","4"
"331",8,"control",5,1996,1,0,0,"2","2","4"
"332",8,"control",5,2003,2,0,0,"2","2","4"
"333",8,"control",5,2004,1,0,0,"2","2","4"
"334",8,"control",5,2005,4,2,0.5,"2","2","4"
"335",8,"control",5,2007,5,1,0.2,"2","2","4"
"336",8,"control",5,2008,4,0,0,"2","2","4"
"337",8,"control",5,2009,1,1,1,"2","2","4"
"338",8,"control",5,2010,1,1,1,"2","2","4"
"339",8,"control",5,2011,5,1,0.2,"2","3","4"
"340",8,"control",5,2013,2,1,0.5,"2","3","4"
"341",8,"control",6,1996,2,0,0,"3","2","4"
"342",8,"control",6,1997,2,0,0,"3","2","4"
"343",8,"control",6,1999,1,0,0,"3","2","4"
"344",8,"control",6,2000,1,0,0,"3","2","4"
"345",8,"control",6,2002,1,1,1,"3","2","4"
"346",8,"control",6,2003,4,0,0,"3","2","4"
"347",8,"control",6,2004,1,1,1,"3","2","4"
"348",8,"control",6,2005,6,2,0.333333333333333,"3","2","4"
"349",8,"control",6,2007,5,0,0,"3","2","4"
"350",8,"control",6,2008,3,0,0,"3","2","4"
"351",8,"control",6,2009,6,1,0.166666666666667,"3","2","4"
"352",8,"control",6,2012,6,3,0.5,"3","3","4"
"353",8,"control",6,2014,11,2,0.181818181818182,"3","3","4"
"354",8,"control",7,1995,4,3,0.75,"3","2","4"
"355",8,"control",7,1996,1,0,0,"3","2","4"
"356",8,"control",7,1997,5,0,0,"3","2","4"
"357",8,"control",7,1998,2,1,0.5,"3","2","4"
"358",8,"control",7,2000,2,0,0,"3","2","4"
"359",8,"control",7,2002,4,0,0,"3","2","4"
"360",8,"control",7,2003,3,1,0.333333333333333,"3","2","4"
"361",8,"control",7,2004,2,1,0.5,"3","2","4"
"362",8,"control",7,2005,5,1,0.2,"3","2","4"
"363",8,"control",7,2006,4,2,0.5,"3","2","4"
"364",8,"control",7,2007,6,1,0.166666666666667,"3","2","4"
"365",8,"control",7,2009,3,0,0,"3","2","4"
"366",8,"control",7,2010,3,2,0.666666666666667,"3","2","4"
"367",8,"control",7,2011,3,0,0,"3","3","4"
"368",8,"control",7,2012,10,0,0,"3","3","4"
"369",8,"control",7,2013,5,0,0,"3","3","4"
"370",8,"control",8,1995,5,1,0.2,"3","2","4"
"371",8,"control",8,1996,1,0,0,"3","2","4"
"372",8,"control",8,1998,1,1,1,"3","2","4"
"373",8,"control",8,2001,2,0,0,"3","2","4"
"374",8,"control",8,2003,1,0,0,"3","2","4"
"375",8,"control",8,2004,2,0,0,"3","2","4"
"376",8,"control",8,2005,6,2,0.333333333333333,"3","2","4"
"377",8,"control",8,2011,6,1,0.166666666666667,"3","3","4"
"378",8,"control",8,2012,10,0,0,"3","3","4"
"379",8,"control",8,2014,8,0,0,"3","3","4"
"380",8,"control",9,1995,6,0,0,"4","2","4"
"381",8,"control",9,1996,1,0,0,"4","2","4"
"382",8,"control",9,2001,2,0,0,"4","2","4"
"383",8,"control",9,2002,2,0,0,"4","2","4"
"384",8,"control",9,2003,2,0,0,"4","2","4"
"385",8,"control",9,2004,3,1,0.333333333333333,"4","2","4"
"386",8,"control",9,2005,5,0,0,"4","2","4"
"387",8,"control",9,2006,2,2,1,"4","2","4"
"388",8,"control",9,2007,4,1,0.25,"4","2","4"
"389",8,"control",9,2008,2,0,0,"4","2","4"
"390",8,"control",9,2010,3,0,0,"4","2","4"
"391",8,"control",9,2012,8,0,0,"4","3","4"
"392",8,"control",9,2013,5,0,0,"4","3","4"
"393",8,"control",9,2014,3,0,0,"4","3","4"
"394",8,"control",10,1995,5,1,0.2,"4","2","4"
"395",8,"control",10,1999,2,1,0.5,"4","2","4"
"396",8,"control",10,2002,2,0,0,"4","2","4"
"397",8,"control",10,2003,1,0,0,"4","2","4"
"398",8,"control",10,2004,5,0,0,"4","2","4"
"399",8,"control",10,2005,6,1,0.166666666666667,"4","2","4"
"400",8,"control",10,2006,2,1,0.5,"4","2","4"
"401",8,"control",10,2007,1,0,0,"4","2","4"
"402",8,"control",10,2011,14,1,0.0714285714285714,"4","3","4"
"403",8,"control",10,2012,6,0,0,"4","3","4"
"404",8,"control",10,2014,1,0,0,"4","3","4"
"405",8,"control",11,1999,3,0,0,"4","2","4"
"406",8,"control",11,2002,1,0,0,"4","2","4"
"407",8,"control",11,2005,2,0,0,"4","2","4"
"408",8,"control",11,2006,6,0,0,"4","2","4"
"409",8,"control",11,2010,2,0,0,"4","2","4"
"410",8,"control",11,2012,3,0,0,"4","3","4"
"411",8,"control",11,2013,3,0,0,"4","3","4"
"412",8,"control",11,2014,1,0,0,"4","3","4"
"413",8,"control",12,2006,1,0,0,"1","2","4"
"414",8,"control",12,2012,1,0,0,"1","3","4"
"415",11,"control",2,2007,3,0,0,"1","2","5"
"416",11,"control",2,2012,1,0,0,"1","3","5"
"417",11,"control",3,2002,1,0,0,"2","2","5"
"418",11,"control",3,2005,1,0,0,"2","2","5"
"419",11,"control",3,2007,3,0,0,"2","2","5"
"420",11,"control",3,2012,1,0,0,"2","3","5"
"421",11,"control",3,2014,2,0,0,"2","3","5"
"422",11,"control",4,1993,1,0,0,"2","1","5"
"423",11,"control",4,2000,1,0,0,"2","2","5"
"424",11,"control",4,2002,1,0,0,"2","2","5"
"425",11,"control",4,2005,1,1,1,"2","2","5"
"426",11,"control",4,2006,1,0,0,"2","2","5"
"427",11,"control",4,2007,4,2,0.5,"2","2","5"
"428",11,"control",4,2009,1,0,0,"2","2","5"
"429",11,"control",4,2010,1,0,0,"2","2","5"
"430",11,"control",4,2011,1,0,0,"2","3","5"
"431",11,"control",4,2012,3,0,0,"2","3","5"
"432",11,"control",4,2013,3,0,0,"2","3","5"
"433",11,"control",5,2002,1,0,0,"2","2","5"
"434",11,"control",5,2003,3,2,0.666666666666667,"2","2","5"
"435",11,"control",5,2004,3,3,1,"2","2","5"
"436",11,"control",5,2005,2,2,1,"2","2","5"
"437",11,"control",5,2007,4,2,0.5,"2","2","5"
"438",11,"control",5,2009,1,0,0,"2","2","5"
"439",11,"control",5,2010,1,1,1,"2","2","5"
"440",11,"control",5,2011,5,1,0.2,"2","3","5"
"441",11,"control",5,2013,2,0,0,"2","3","5"
"442",11,"control",6,1998,1,0,0,"3","2","5"
"443",11,"control",6,2002,2,1,0.5,"3","2","5"
"444",11,"control",6,2003,6,0,0,"3","2","5"
"445",11,"control",6,2004,4,3,0.75,"3","2","5"
"446",11,"control",6,2005,1,1,1,"3","2","5"
"447",11,"control",6,2007,3,1,0.333333333333333,"3","2","5"
"448",11,"control",6,2008,3,1,0.333333333333333,"3","2","5"
"449",11,"control",6,2009,2,0,0,"3","2","5"
"450",11,"control",6,2012,5,1,0.2,"3","3","5"
"451",11,"control",6,2014,15,6,0.4,"3","3","5"
"452",11,"control",7,1998,2,1,0.5,"3","2","5"
"453",11,"control",7,2000,1,0,0,"3","2","5"
"454",11,"control",7,2002,2,0,0,"3","2","5"
"455",11,"control",7,2003,5,0,0,"3","2","5"
"456",11,"control",7,2004,4,0,0,"3","2","5"
"457",11,"control",7,2005,2,0,0,"3","2","5"
"458",11,"control",7,2006,2,1,0.5,"3","2","5"
"459",11,"control",7,2007,4,0,0,"3","2","5"
"460",11,"control",7,2009,2,0,0,"3","2","5"
"461",11,"control",7,2010,2,0,0,"3","2","5"
"462",11,"control",7,2011,3,0,0,"3","3","5"
"463",11,"control",7,2012,5,0,0,"3","3","5"
"464",11,"control",7,2013,4,0,0,"3","3","5"
"465",11,"control",8,1996,1,0,0,"3","2","5"
"466",11,"control",8,1998,2,0,0,"3","2","5"
"467",11,"control",8,2001,2,0,0,"3","2","5"
"468",11,"control",8,2003,4,0,0,"3","2","5"
"469",11,"control",8,2004,1,0,0,"3","2","5"
"470",11,"control",8,2005,3,0,0,"3","2","5"
"471",11,"control",8,2008,2,0,0,"3","2","5"
"472",11,"control",8,2009,1,0,0,"3","2","5"
"473",11,"control",8,2011,7,2,0.285714285714286,"3","3","5"
"474",11,"control",8,2012,4,0,0,"3","3","5"
"475",11,"control",8,2014,19,0,0,"3","3","5"
"476",11,"control",9,1998,1,1,1,"4","2","5"
"477",11,"control",9,1999,1,1,1,"4","2","5"
"478",11,"control",9,2001,1,0,0,"4","2","5"
"479",11,"control",9,2003,1,0,0,"4","2","5"
"480",11,"control",9,2004,2,0,0,"4","2","5"
"481",11,"control",9,2005,3,0,0,"4","2","5"
"482",11,"control",9,2006,1,1,1,"4","2","5"
"483",11,"control",9,2007,5,0,0,"4","2","5"
"484",11,"control",9,2010,6,1,0.166666666666667,"4","2","5"
"485",11,"control",9,2012,4,0,0,"4","3","5"
"486",11,"control",9,2013,5,1,0.2,"4","3","5"
"487",11,"control",9,2014,4,0,0,"4","3","5"
"488",11,"control",10,2001,1,0,0,"4","2","5"
"489",11,"control",10,2002,1,0,0,"4","2","5"
"490",11,"control",10,2004,1,0,0,"4","2","5"
"491",11,"control",10,2005,1,0,0,"4","2","5"
"492",11,"control",10,2006,4,2,0.5,"4","2","5"
"493",11,"control",10,2007,3,0,0,"4","2","5"
"494",11,"control",10,2011,8,2,0.25,"4","3","5"
"495",11,"control",10,2012,4,0,0,"4","3","5"
"496",11,"control",10,2014,6,0,0,"4","3","5"
"497",11,"control",11,2006,7,0,0,"4","2","5"
"498",11,"control",11,2012,1,0,0,"4","3","5"
"499",11,"control",11,2014,1,0,0,"4","3","5"
"500",11,"control",12,2006,4,0,0,"1","2","5"
"501",12,"control",1,2005,1,0,0,"1","2","6"
"502",12,"control",2,2007,2,0,0,"1","2","6"
"503",12,"control",2,2010,1,0,0,"1","2","6"
"504",12,"control",3,2000,1,0,0,"2","2","6"
"505",12,"control",3,2003,3,0,0,"2","2","6"
"506",12,"control",3,2005,1,0,0,"2","2","6"
"507",12,"control",3,2007,4,0,0,"2","2","6"
"508",12,"control",3,2012,1,0,0,"2","3","6"
"509",12,"control",3,2014,1,0,0,"2","3","6"
"510",12,"control",4,1991,1,0,0,"2","1","6"
"511",12,"control",4,1996,1,0,0,"2","2","6"
"512",12,"control",4,1997,3,0,0,"2","2","6"
"513",12,"control",4,2001,2,1,0.5,"2","2","6"
"514",12,"control",4,2002,4,0,0,"2","2","6"
"515",12,"control",4,2005,2,0,0,"2","2","6"
"516",12,"control",4,2006,2,1,0.5,"2","2","6"
"517",12,"control",4,2007,5,1,0.2,"2","2","6"
"518",12,"control",4,2009,2,0,0,"2","2","6"
"519",12,"control",4,2012,4,3,0.75,"2","3","6"
"520",12,"control",4,2013,2,0,0,"2","3","6"
"521",12,"control",4,2014,2,1,0.5,"2","3","6"
"522",12,"control",5,1983,1,0,0,"2","1","6"
"523",12,"control",5,1985,1,0,0,"2","1","6"
"524",12,"control",5,1997,2,1,0.5,"2","2","6"
"525",12,"control",5,2002,2,1,0.5,"2","2","6"
"526",12,"control",5,2003,7,4,0.571428571428571,"2","2","6"
"527",12,"control",5,2005,2,0,0,"2","2","6"
"528",12,"control",5,2006,4,1,0.25,"2","2","6"
"529",12,"control",5,2007,4,3,0.75,"2","2","6"
"530",12,"control",5,2008,1,0,0,"2","2","6"
"531",12,"control",5,2009,1,0,0,"2","2","6"
"532",12,"control",5,2011,3,1,0.333333333333333,"2","3","6"
"533",12,"control",5,2013,1,0,0,"2","3","6"
"534",12,"control",5,2014,1,0,0,"2","3","6"
"535",12,"control",6,1983,1,0,0,"3","1","6"
"536",12,"control",6,1995,1,0,0,"3","2","6"
"537",12,"control",6,1996,1,1,1,"3","2","6"
"538",12,"control",6,1997,2,2,1,"3","2","6"
"539",12,"control",6,2000,1,0,0,"3","2","6"
"540",12,"control",6,2002,3,1,0.333333333333333,"3","2","6"
"541",12,"control",6,2003,3,2,0.666666666666667,"3","2","6"
"542",12,"control",6,2005,2,0,0,"3","2","6"
"543",12,"control",6,2007,7,0,0,"3","2","6"
"544",12,"control",6,2008,3,0,0,"3","2","6"
"545",12,"control",6,2009,2,0,0,"3","2","6"
"546",12,"control",6,2012,4,0,0,"3","3","6"
"547",12,"control",6,2014,5,0,0,"3","3","6"
"548",12,"control",7,1983,1,0,0,"3","1","6"
"549",12,"control",7,1995,3,0,0,"3","2","6"
"550",12,"control",7,1996,1,1,1,"3","2","6"
"551",12,"control",7,1997,5,2,0.4,"3","2","6"
"552",12,"control",7,1998,1,1,1,"3","2","6"
"553",12,"control",7,2000,2,1,0.5,"3","2","6"
"554",12,"control",7,2002,3,0,0,"3","2","6"
"555",12,"control",7,2003,3,0,0,"3","2","6"
"556",12,"control",7,2004,2,1,0.5,"3","2","6"
"557",12,"control",7,2005,2,0,0,"3","2","6"
"558",12,"control",7,2006,3,2,0.666666666666667,"3","2","6"
"559",12,"control",7,2007,10,0,0,"3","2","6"
"560",12,"control",7,2008,4,0,0,"3","2","6"
"561",12,"control",7,2011,3,1,0.333333333333333,"3","3","6"
"562",12,"control",7,2012,8,0,0,"3","3","6"
"563",12,"control",7,2013,4,0,0,"3","3","6"
"564",12,"control",8,1995,2,1,0.5,"3","2","6"
"565",12,"control",8,1996,2,0,0,"3","2","6"
"566",12,"control",8,2000,3,0,0,"3","2","6"
"567",12,"control",8,2001,4,1,0.25,"3","2","6"
"568",12,"control",8,2003,2,0,0,"3","2","6"
"569",12,"control",8,2004,1,0,0,"3","2","6"
"570",12,"control",8,2005,7,0,0,"3","2","6"
"571",12,"control",8,2008,3,0,0,"3","2","6"
"572",12,"control",8,2009,1,1,1,"3","2","6"
"573",12,"control",8,2011,4,1,0.25,"3","3","6"
"574",12,"control",8,2012,6,0,0,"3","3","6"
"575",12,"control",8,2014,9,0,0,"3","3","6"
"576",12,"control",9,2000,1,0,0,"4","2","6"
"577",12,"control",9,2001,3,0,0,"4","2","6"
"578",12,"control",9,2003,1,0,0,"4","2","6"
"579",12,"control",9,2004,2,0,0,"4","2","6"
"580",12,"control",9,2005,7,0,0,"4","2","6"
"581",12,"control",9,2006,3,3,1,"4","2","6"
"582",12,"control",9,2007,11,0,0,"4","2","6"
"583",12,"control",9,2008,3,0,0,"4","2","6"
"584",12,"control",9,2009,1,0,0,"4","2","6"
"585",12,"control",9,2010,2,0,0,"4","2","6"
"586",12,"control",9,2012,3,0,0,"4","3","6"
"587",12,"control",9,2013,2,1,0.5,"4","3","6"
"588",12,"control",9,2014,4,0,0,"4","3","6"
"589",12,"control",10,1995,1,0,0,"4","2","6"
"590",12,"control",10,1999,1,0,0,"4","2","6"
"591",12,"control",10,2001,1,0,0,"4","2","6"
"592",12,"control",10,2002,3,0,0,"4","2","6"
"593",12,"control",10,2004,1,0,0,"4","2","6"
"594",12,"control",10,2006,2,0,0,"4","2","6"
"595",12,"control",10,2007,2,0,0,"4","2","6"
"596",12,"control",10,2011,7,1,0.142857142857143,"4","3","6"
"597",12,"control",10,2012,3,0,0,"4","3","6"
"598",12,"control",10,2014,4,0,0,"4","3","6"
"599",12,"control",11,2006,8,1,0.125,"4","2","6"
"600",12,"control",11,2007,1,0,0,"4","2","6"
"601",12,"control",11,2013,1,0,0,"4","3","6"
"602",12,"control",11,2014,2,0,0,"4","3","6"
"603",12,"control",12,2004,1,0,0,"1","2","6"
"604",12,"control",12,2006,7,2,0.285714285714286,"1","2","6"
"605",14,"control",2,2000,2,0,0,"1","2","7"
"606",14,"control",2,2007,3,0,0,"1","2","7"
"607",14,"control",3,1996,1,0,0,"2","2","7"
"608",14,"control",3,2001,1,0,0,"2","2","7"
"609",14,"control",3,2007,6,1,0.166666666666667,"2","2","7"
"610",14,"control",3,2014,2,0,0,"2","3","7"
"611",14,"control",4,2006,3,0,0,"2","2","7"
"612",14,"control",4,2007,4,0,0,"2","2","7"
"613",14,"control",4,2008,1,0,0,"2","2","7"
"614",14,"control",4,2009,2,0,0,"2","2","7"
"615",14,"control",4,2012,1,0,0,"2","3","7"
"616",14,"control",4,2013,1,0,0,"2","3","7"
"617",14,"control",4,2014,2,1,0.5,"2","3","7"
"618",14,"control",5,1998,1,1,1,"2","2","7"
"619",14,"control",5,2003,3,0,0,"2","2","7"
"620",14,"control",5,2004,1,0,0,"2","2","7"
"621",14,"control",5,2006,5,0,0,"2","2","7"
"622",14,"control",5,2007,6,2,0.333333333333333,"2","2","7"
"623",14,"control",5,2008,2,0,0,"2","2","7"
"624",14,"control",5,2011,4,2,0.5,"2","3","7"
"625",14,"control",5,2013,2,0,0,"2","3","7"
"626",14,"control",6,1995,1,0,0,"3","2","7"
"627",14,"control",6,1996,2,0,0,"3","2","7"
"628",14,"control",6,2003,4,2,0.5,"3","2","7"
"629",14,"control",6,2004,1,1,1,"3","2","7"
"630",14,"control",6,2005,1,0,0,"3","2","7"
"631",14,"control",6,2007,5,0,0,"3","2","7"
"632",14,"control",6,2008,8,1,0.125,"3","2","7"
"633",14,"control",6,2012,5,0,0,"3","3","7"
"634",14,"control",6,2014,10,2,0.2,"3","3","7"
"635",14,"control",7,1997,1,0,0,"3","2","7"
"636",14,"control",7,2000,2,1,0.5,"3","2","7"
"637",14,"control",7,2002,1,0,0,"3","2","7"
"638",14,"control",7,2003,3,0,0,"3","2","7"
"639",14,"control",7,2005,4,1,0.25,"3","2","7"
"640",14,"control",7,2006,5,2,0.4,"3","2","7"
"641",14,"control",7,2007,7,0,0,"3","2","7"
"642",14,"control",7,2009,1,1,1,"3","2","7"
"643",14,"control",7,2010,1,0,0,"3","2","7"
"644",14,"control",7,2011,1,0,0,"3","3","7"
"645",14,"control",7,2012,6,0,0,"3","3","7"
"646",14,"control",7,2013,2,0,0,"3","3","7"
"647",14,"control",8,1992,1,0,0,"3","1","7"
"648",14,"control",8,2000,2,0,0,"3","2","7"
"649",14,"control",8,2001,2,0,0,"3","2","7"
"650",14,"control",8,2003,2,0,0,"3","2","7"
"651",14,"control",8,2004,2,0,0,"3","2","7"
"652",14,"control",8,2005,2,0,0,"3","2","7"
"653",14,"control",8,2008,3,0,0,"3","2","7"
"654",14,"control",8,2011,5,1,0.2,"3","3","7"
"655",14,"control",8,2012,6,0,0,"3","3","7"
"656",14,"control",8,2014,12,0,0,"3","3","7"
"657",14,"control",9,2004,1,0,0,"4","2","7"
"658",14,"control",9,2005,5,0,0,"4","2","7"
"659",14,"control",9,2007,2,0,0,"4","2","7"
"660",14,"control",9,2008,2,0,0,"4","2","7"
"661",14,"control",9,2010,3,1,0.333333333333333,"4","2","7"
"662",14,"control",9,2012,3,0,0,"4","3","7"
"663",14,"control",9,2013,4,2,0.5,"4","3","7"
"664",14,"control",9,2014,6,0,0,"4","3","7"
"665",14,"control",10,2004,1,0,0,"4","2","7"
"666",14,"control",10,2005,4,0,0,"4","2","7"
"667",14,"control",10,2006,7,1,0.142857142857143,"4","2","7"
"668",14,"control",10,2007,1,0,0,"4","2","7"
"669",14,"control",10,2011,5,0,0,"4","3","7"
"670",14,"control",10,2012,4,0,0,"4","3","7"
"671",14,"control",10,2014,2,0,0,"4","3","7"
"672",14,"control",11,2005,1,0,0,"4","2","7"
"673",14,"control",11,2006,9,1,0.111111111111111,"4","2","7"
"674",14,"control",11,2012,1,0,0,"4","3","7"
"675",14,"control",11,2013,1,0,0,"4","3","7"
"676",14,"control",12,1999,1,0,0,"1","2","7"
"677",14,"control",12,2006,7,1,0.142857142857143,"1","2","7"
"678",15,"exclosure",1,2006,1,0,0,"1","2","8"
"679",15,"exclosure",2,2007,4,0,0,"1","2","8"
"680",15,"exclosure",2,2010,1,0,0,"1","2","8"
"681",15,"exclosure",3,2002,1,0,0,"2","2","8"
"682",15,"exclosure",3,2007,4,2,0.5,"2","2","8"
"683",15,"exclosure",3,2009,1,0,0,"2","2","8"
"684",15,"exclosure",3,2014,3,0,0,"2","3","8"
"685",15,"exclosure",4,1996,1,1,1,"2","2","8"
"686",15,"exclosure",4,1997,1,1,1,"2","2","8"
"687",15,"exclosure",4,2000,2,1,0.5,"2","2","8"
"688",15,"exclosure",4,2002,2,0,0,"2","2","8"
"689",15,"exclosure",4,2005,1,1,1,"2","2","8"
"690",15,"exclosure",4,2007,3,1,0.333333333333333,"2","2","8"
"691",15,"exclosure",4,2009,1,0,0,"2","2","8"
"692",15,"exclosure",4,2010,1,0,0,"2","2","8"
"693",15,"exclosure",4,2012,2,2,1,"2","3","8"
"694",15,"exclosure",4,2014,2,2,1,"2","3","8"
"695",15,"exclosure",5,1997,2,0,0,"2","2","8"
"696",15,"exclosure",5,1998,1,0,0,"2","2","8"
"697",15,"exclosure",5,2001,1,1,1,"2","2","8"
"698",15,"exclosure",5,2002,3,2,0.666666666666667,"2","2","8"
"699",15,"exclosure",5,2006,1,0,0,"2","2","8"
"700",15,"exclosure",5,2007,4,0,0,"2","2","8"
"701",15,"exclosure",5,2008,1,1,1,"2","2","8"
"702",15,"exclosure",5,2009,1,1,1,"2","2","8"
"703",15,"exclosure",5,2011,1,0,0,"2","3","8"
"704",15,"exclosure",5,2013,3,0,0,"2","3","8"
"705",15,"exclosure",6,1993,1,0,0,"3","1","8"
"706",15,"exclosure",6,1996,2,2,1,"3","2","8"
"707",15,"exclosure",6,1997,3,1,0.333333333333333,"3","2","8"
"708",15,"exclosure",6,1999,1,0,0,"3","2","8"
"709",15,"exclosure",6,2000,2,1,0.5,"3","2","8"
"710",15,"exclosure",6,2002,1,1,1,"3","2","8"
"711",15,"exclosure",6,2003,2,1,0.5,"3","2","8"
"712",15,"exclosure",6,2005,1,0,0,"3","2","8"
"713",15,"exclosure",6,2007,5,0,0,"3","2","8"
"714",15,"exclosure",6,2008,4,1,0.25,"3","2","8"
"715",15,"exclosure",6,2009,2,1,0.5,"3","2","8"
"716",15,"exclosure",6,2012,4,3,0.75,"3","3","8"
"717",15,"exclosure",6,2014,9,3,0.333333333333333,"3","3","8"
"718",15,"exclosure",7,1996,1,0,0,"3","2","8"
"719",15,"exclosure",7,1997,4,0,0,"3","2","8"
"720",15,"exclosure",7,2000,2,0,0,"3","2","8"
"721",15,"exclosure",7,2002,2,1,0.5,"3","2","8"
"722",15,"exclosure",7,2003,1,0,0,"3","2","8"
"723",15,"exclosure",7,2004,1,0,0,"3","2","8"
"724",15,"exclosure",7,2006,2,0,0,"3","2","8"
"725",15,"exclosure",7,2007,8,0,0,"3","2","8"
"726",15,"exclosure",7,2009,1,0,0,"3","2","8"
"727",15,"exclosure",7,2010,1,1,1,"3","2","8"
"728",15,"exclosure",7,2011,1,0,0,"3","3","8"
"729",15,"exclosure",7,2012,6,0,0,"3","3","8"
"730",15,"exclosure",7,2013,7,0,0,"3","3","8"
"731",15,"exclosure",8,1993,1,1,1,"3","1","8"
"732",15,"exclosure",8,1996,1,0,0,"3","2","8"
"733",15,"exclosure",8,2000,2,0,0,"3","2","8"
"734",15,"exclosure",8,2001,1,0,0,"3","2","8"
"735",15,"exclosure",8,2005,4,0,0,"3","2","8"
"736",15,"exclosure",8,2008,3,0,0,"3","2","8"
"737",15,"exclosure",8,2009,1,0,0,"3","2","8"
"738",15,"exclosure",8,2011,6,3,0.5,"3","3","8"
"739",15,"exclosure",8,2012,6,0,0,"3","3","8"
"740",15,"exclosure",8,2014,8,0,0,"3","3","8"
"741",15,"exclosure",9,1993,1,0,0,"4","1","8"
"742",15,"exclosure",9,1994,1,0,0,"4","1","8"
"743",15,"exclosure",9,1995,2,0,0,"4","2","8"
"744",15,"exclosure",9,2001,2,1,0.5,"4","2","8"
"745",15,"exclosure",9,2003,1,0,0,"4","2","8"
"746",15,"exclosure",9,2005,3,0,0,"4","2","8"
"747",15,"exclosure",9,2006,2,2,1,"4","2","8"
"748",15,"exclosure",9,2007,5,0,0,"4","2","8"
"749",15,"exclosure",9,2008,2,0,0,"4","2","8"
"750",15,"exclosure",9,2010,1,0,0,"4","2","8"
"751",15,"exclosure",9,2012,3,0,0,"4","3","8"
"752",15,"exclosure",9,2013,5,0,0,"4","3","8"
"753",15,"exclosure",9,2014,4,0,0,"4","3","8"
"754",15,"exclosure",10,1993,1,0,0,"4","1","8"
"755",15,"exclosure",10,1999,1,0,0,"4","2","8"
"756",15,"exclosure",10,2000,1,1,1,"4","2","8"
"757",15,"exclosure",10,2001,1,0,0,"4","2","8"
"758",15,"exclosure",10,2002,2,0,0,"4","2","8"
"759",15,"exclosure",10,2005,2,0,0,"4","2","8"
"760",15,"exclosure",10,2006,6,2,0.333333333333333,"4","2","8"
"761",15,"exclosure",10,2007,2,0,0,"4","2","8"
"762",15,"exclosure",10,2008,1,0,0,"4","2","8"
"763",15,"exclosure",10,2011,9,1,0.111111111111111,"4","3","8"
"764",15,"exclosure",10,2012,2,0,0,"4","3","8"
"765",15,"exclosure",10,2014,1,0,0,"4","3","8"
"766",15,"exclosure",11,1999,1,0,0,"4","2","8"
"767",15,"exclosure",11,2005,1,0,0,"4","2","8"
"768",15,"exclosure",11,2006,5,0,0,"4","2","8"
"769",15,"exclosure",11,2014,1,0,0,"4","3","8"
"770",15,"exclosure",12,1999,1,0,0,"1","2","8"
"771",15,"exclosure",12,2006,4,0,0,"1","2","8"
"772",17,"control",1,2005,1,0,0,"1","2","9"
"773",17,"control",1,2006,1,0,0,"1","2","9"
"774",17,"control",1,2012,1,0,0,"1","3","9"
"775",17,"control",2,2002,1,0,0,"1","2","9"
"776",17,"control",2,2007,2,0,0,"1","2","9"
"777",17,"control",3,1996,1,0,0,"2","2","9"
"778",17,"control",3,2003,1,0,0,"2","2","9"
"779",17,"control",3,2005,1,0,0,"2","2","9"
"780",17,"control",3,2006,2,0,0,"2","2","9"
"781",17,"control",3,2007,4,0,0,"2","2","9"
"782",17,"control",3,2013,1,0,0,"2","3","9"
"783",17,"control",3,2014,1,0,0,"2","3","9"
"784",17,"control",4,1993,1,0,0,"2","1","9"
"785",17,"control",4,2000,1,1,1,"2","2","9"
"786",17,"control",4,2001,1,1,1,"2","2","9"
"787",17,"control",4,2002,1,0,0,"2","2","9"
"788",17,"control",4,2005,3,3,1,"2","2","9"
"789",17,"control",4,2006,4,1,0.25,"2","2","9"
"790",17,"control",4,2007,4,1,0.25,"2","2","9"
"791",17,"control",4,2008,1,0,0,"2","2","9"
"792",17,"control",4,2009,1,0,0,"2","2","9"
"793",17,"control",4,2010,1,0,0,"2","2","9"
"794",17,"control",4,2012,3,0,0,"2","3","9"
"795",17,"control",4,2013,1,0,0,"2","3","9"
"796",17,"control",4,2014,4,2,0.5,"2","3","9"
"797",17,"control",5,1993,1,0,0,"2","1","9"
"798",17,"control",5,2001,1,1,1,"2","2","9"
"799",17,"control",5,2002,1,0,0,"2","2","9"
"800",17,"control",5,2003,4,1,0.25,"2","2","9"
"801",17,"control",5,2005,2,0,0,"2","2","9"
"802",17,"control",5,2006,2,2,1,"2","2","9"
"803",17,"control",5,2007,3,1,0.333333333333333,"2","2","9"
"804",17,"control",5,2008,5,0,0,"2","2","9"
"805",17,"control",5,2009,1,0,0,"2","2","9"
"806",17,"control",5,2011,4,0,0,"2","3","9"
"807",17,"control",5,2013,3,0,0,"2","3","9"
"808",17,"control",5,2014,3,1,0.333333333333333,"2","3","9"
"809",17,"control",6,1993,1,0,0,"3","1","9"
"810",17,"control",6,1998,2,1,0.5,"3","2","9"
"811",17,"control",6,1999,1,0,0,"3","2","9"
"812",17,"control",6,2000,1,0,0,"3","2","9"
"813",17,"control",6,2002,2,1,0.5,"3","2","9"
"814",17,"control",6,2003,3,1,0.333333333333333,"3","2","9"
"815",17,"control",6,2007,8,3,0.375,"3","2","9"
"816",17,"control",6,2008,7,2,0.285714285714286,"3","2","9"
"817",17,"control",6,2009,3,1,0.333333333333333,"3","2","9"
"818",17,"control",6,2012,7,2,0.285714285714286,"3","3","9"
"819",17,"control",6,2014,12,1,0.0833333333333333,"3","3","9"
"820",17,"control",7,1997,1,0,0,"3","2","9"
"821",17,"control",7,1998,1,1,1,"3","2","9"
"822",17,"control",7,2000,2,0,0,"3","2","9"
"823",17,"control",7,2002,3,0,0,"3","2","9"
"824",17,"control",7,2003,1,0,0,"3","2","9"
"825",17,"control",7,2004,2,1,0.5,"3","2","9"
"826",17,"control",7,2005,1,0,0,"3","2","9"
"827",17,"control",7,2006,4,0,0,"3","2","9"
"828",17,"control",7,2007,10,3,0.3,"3","2","9"
"829",17,"control",7,2008,1,1,1,"3","2","9"
"830",17,"control",7,2009,3,0,0,"3","2","9"
"831",17,"control",7,2010,2,0,0,"3","2","9"
"832",17,"control",7,2012,14,0,0,"3","3","9"
"833",17,"control",7,2013,5,0,0,"3","3","9"
"834",17,"control",8,1995,1,0,0,"3","2","9"
"835",17,"control",8,1998,1,0,0,"3","2","9"
"836",17,"control",8,2000,1,0,0,"3","2","9"
"837",17,"control",8,2001,1,0,0,"3","2","9"
"838",17,"control",8,2004,2,0,0,"3","2","9"
"839",17,"control",8,2005,5,0,0,"3","2","9"
"840",17,"control",8,2008,1,0,0,"3","2","9"
"841",17,"control",8,2009,1,0,0,"3","2","9"
"842",17,"control",8,2011,8,0,0,"3","3","9"
"843",17,"control",8,2012,8,0,0,"3","3","9"
"844",17,"control",8,2014,14,1,0.0714285714285714,"3","3","9"
"845",17,"control",9,1995,1,0,0,"4","2","9"
"846",17,"control",9,2001,1,1,1,"4","2","9"
"847",17,"control",9,2004,4,1,0.25,"4","2","9"
"848",17,"control",9,2005,11,0,0,"4","2","9"
"849",17,"control",9,2006,2,0,0,"4","2","9"
"850",17,"control",9,2007,8,0,0,"4","2","9"
"851",17,"control",9,2008,2,0,0,"4","2","9"
"852",17,"control",9,2010,4,0,0,"4","2","9"
"853",17,"control",9,2012,9,0,0,"4","3","9"
"854",17,"control",9,2013,4,1,0.25,"4","3","9"
"855",17,"control",9,2014,9,0,0,"4","3","9"
"856",17,"control",10,1995,1,0,0,"4","2","9"
"857",17,"control",10,2002,1,0,0,"4","2","9"
"858",17,"control",10,2004,2,0,0,"4","2","9"
"859",17,"control",10,2006,5,2,0.4,"4","2","9"
"860",17,"control",10,2007,3,0,0,"4","2","9"
"861",17,"control",10,2011,12,1,0.0833333333333333,"4","3","9"
"862",17,"control",10,2012,4,0,0,"4","3","9"
"863",17,"control",10,2014,1,0,0,"4","3","9"
"864",17,"control",11,2005,1,0,0,"4","2","9"
"865",17,"control",11,2006,6,0,0,"4","2","9"
"866",17,"control",11,2007,4,0,0,"4","2","9"
"867",17,"control",11,2010,1,0,0,"4","2","9"
"868",17,"control",11,2014,2,0,0,"4","3","9"
"869",17,"control",12,2004,1,0,0,"1","2","9"
"870",17,"control",12,2006,5,1,0.2,"1","2","9"
"871",19,"exclosure",1,2006,1,0,0,"1","2","10"
"872",19,"exclosure",2,2007,1,0,0,"1","2","10"
"873",19,"exclosure",3,2006,2,0,0,"2","2","10"
"874",19,"exclosure",3,2007,5,0,0,"2","2","10"
"875",19,"exclosure",3,2013,1,0,0,"2","3","10"
"876",19,"exclosure",3,2014,3,0,0,"2","3","10"
"877",19,"exclosure",4,1996,1,0,0,"2","2","10"
"878",19,"exclosure",4,1997,1,0,0,"2","2","10"
"879",19,"exclosure",4,2002,1,0,0,"2","2","10"
"880",19,"exclosure",4,2005,1,0,0,"2","2","10"
"881",19,"exclosure",4,2006,2,0,0,"2","2","10"
"882",19,"exclosure",4,2007,3,0,0,"2","2","10"
"883",19,"exclosure",4,2010,1,0,0,"2","2","10"
"884",19,"exclosure",4,2011,3,0,0,"2","3","10"
"885",19,"exclosure",4,2012,2,0,0,"2","3","10"
"886",19,"exclosure",4,2013,5,0,0,"2","3","10"
"887",19,"exclosure",4,2014,3,1,0.333333333333333,"2","3","10"
"888",19,"exclosure",5,1996,1,0,0,"2","2","10"
"889",19,"exclosure",5,1997,1,0,0,"2","2","10"
"890",19,"exclosure",5,2002,2,1,0.5,"2","2","10"
"891",19,"exclosure",5,2003,2,1,0.5,"2","2","10"
"892",19,"exclosure",5,2005,1,1,1,"2","2","10"
"893",19,"exclosure",5,2006,7,1,0.142857142857143,"2","2","10"
"894",19,"exclosure",5,2007,2,0,0,"2","2","10"
"895",19,"exclosure",5,2011,2,1,0.5,"2","3","10"
"896",19,"exclosure",5,2013,1,0,0,"2","3","10"
"897",19,"exclosure",5,2014,3,1,0.333333333333333,"2","3","10"
"898",19,"exclosure",6,1993,1,1,1,"3","1","10"
"899",19,"exclosure",6,1997,1,0,0,"3","2","10"
"900",19,"exclosure",6,2002,3,0,0,"3","2","10"
"901",19,"exclosure",6,2003,2,0,0,"3","2","10"
"902",19,"exclosure",6,2005,1,0,0,"3","2","10"
"903",19,"exclosure",6,2007,3,1,0.333333333333333,"3","2","10"
"904",19,"exclosure",6,2008,4,1,0.25,"3","2","10"
"905",19,"exclosure",6,2009,1,0,0,"3","2","10"
"906",19,"exclosure",6,2012,4,2,0.5,"3","3","10"
"907",19,"exclosure",6,2014,9,2,0.222222222222222,"3","3","10"
"908",19,"exclosure",7,1993,2,1,0.5,"3","1","10"
"909",19,"exclosure",7,1994,1,1,1,"3","1","10"
"910",19,"exclosure",7,1996,1,0,0,"3","2","10"
"911",19,"exclosure",7,1997,3,0,0,"3","2","10"
"912",19,"exclosure",7,2000,1,1,1,"3","2","10"
"913",19,"exclosure",7,2002,2,2,1,"3","2","10"
"914",19,"exclosure",7,2003,2,1,0.5,"3","2","10"
"915",19,"exclosure",7,2005,3,0,0,"3","2","10"
"916",19,"exclosure",7,2006,9,7,0.777777777777778,"3","2","10"
"917",19,"exclosure",7,2007,2,0,0,"3","2","10"
"918",19,"exclosure",7,2008,1,0,0,"3","2","10"
"919",19,"exclosure",7,2010,1,0,0,"3","2","10"
"920",19,"exclosure",7,2011,5,1,0.2,"3","3","10"
"921",19,"exclosure",7,2012,9,0,0,"3","3","10"
"922",19,"exclosure",7,2013,10,0,0,"3","3","10"
"923",19,"exclosure",8,1993,1,1,1,"3","1","10"
"924",19,"exclosure",8,1994,1,1,1,"3","1","10"
"925",19,"exclosure",8,1995,2,1,0.5,"3","2","10"
"926",19,"exclosure",8,1996,1,1,1,"3","2","10"
"927",19,"exclosure",8,1998,2,0,0,"3","2","10"
"928",19,"exclosure",8,2000,2,0,0,"3","2","10"
"929",19,"exclosure",8,2001,1,0,0,"3","2","10"
"930",19,"exclosure",8,2003,3,0,0,"3","2","10"
"931",19,"exclosure",8,2005,7,0,0,"3","2","10"
"932",19,"exclosure",8,2009,1,0,0,"3","2","10"
"933",19,"exclosure",8,2011,7,3,0.428571428571429,"3","3","10"
"934",19,"exclosure",8,2012,10,0,0,"3","3","10"
"935",19,"exclosure",8,2014,16,1,0.0625,"3","3","10"
"936",19,"exclosure",9,1993,1,0,0,"4","1","10"
"937",19,"exclosure",9,1994,1,0,0,"4","1","10"
"938",19,"exclosure",9,1995,4,0,0,"4","2","10"
"939",19,"exclosure",9,1996,1,1,1,"4","2","10"
"940",19,"exclosure",9,2001,2,0,0,"4","2","10"
"941",19,"exclosure",9,2003,1,0,0,"4","2","10"
"942",19,"exclosure",9,2004,1,0,0,"4","2","10"
"943",19,"exclosure",9,2005,12,0,0,"4","2","10"
"944",19,"exclosure",9,2006,2,1,0.5,"4","2","10"
"945",19,"exclosure",9,2007,2,0,0,"4","2","10"
"946",19,"exclosure",9,2010,2,0,0,"4","2","10"
"947",19,"exclosure",9,2012,8,0,0,"4","3","10"
"948",19,"exclosure",9,2013,5,1,0.2,"4","3","10"
"949",19,"exclosure",9,2014,6,0,0,"4","3","10"
"950",19,"exclosure",10,1995,3,0,0,"4","2","10"
"951",19,"exclosure",10,2001,1,0,0,"4","2","10"
"952",19,"exclosure",10,2002,1,0,0,"4","2","10"
"953",19,"exclosure",10,2004,2,0,0,"4","2","10"
"954",19,"exclosure",10,2006,3,1,0.333333333333333,"4","2","10"
"955",19,"exclosure",10,2007,1,0,0,"4","2","10"
"956",19,"exclosure",10,2011,3,1,0.333333333333333,"4","3","10"
"957",19,"exclosure",10,2012,4,0,0,"4","3","10"
"958",19,"exclosure",10,2014,5,1,0.2,"4","3","10"
"959",19,"exclosure",11,2002,2,1,0.5,"4","2","10"
"960",19,"exclosure",11,2005,2,0,0,"4","2","10"
"961",19,"exclosure",11,2006,7,0,0,"4","2","10"
"962",19,"exclosure",11,2007,1,0,0,"4","2","10"
"963",19,"exclosure",11,2010,1,0,0,"4","2","10"
"964",19,"exclosure",11,2012,2,0,0,"4","3","10"
"965",19,"exclosure",11,2013,3,0,0,"4","3","10"
"966",19,"exclosure",11,2014,2,0,0,"4","3","10"
"967",19,"exclosure",12,1995,2,0,0,"1","2","10"
"968",19,"exclosure",12,2002,1,0,0,"1","2","10"
"969",19,"exclosure",12,2004,1,0,0,"1","2","10"
"970",19,"exclosure",12,2005,1,0,0,"1","2","10"
"971",19,"exclosure",12,2006,4,0,0,"1","2","10"
"972",19,"exclosure",12,2013,1,0,0,"1","3","10"
"973",21,"exclosure",1,1996,1,0,0,"1","2","11"
"974",21,"exclosure",2,1996,1,0,0,"1","2","11"
"975",21,"exclosure",2,2007,2,0,0,"1","2","11"
"976",21,"exclosure",3,1996,2,1,0.5,"2","2","11"
"977",21,"exclosure",3,2000,1,1,1,"2","2","11"
"978",21,"exclosure",3,2007,2,0,0,"2","2","11"
"979",21,"exclosure",3,2014,3,0,0,"2","3","11"
"980",21,"exclosure",4,1993,1,1,1,"2","1","11"
"981",21,"exclosure",4,1995,1,1,1,"2","2","11"
"982",21,"exclosure",4,1996,2,2,1,"2","2","11"
"983",21,"exclosure",4,1997,3,1,0.333333333333333,"2","2","11"
"984",21,"exclosure",4,2004,1,0,0,"2","2","11"
"985",21,"exclosure",4,2005,1,1,1,"2","2","11"
"986",21,"exclosure",4,2006,1,0,0,"2","2","11"
"987",21,"exclosure",4,2007,2,0,0,"2","2","11"
"988",21,"exclosure",4,2008,1,0,0,"2","2","11"
"989",21,"exclosure",4,2009,1,0,0,"2","2","11"
"990",21,"exclosure",4,2010,2,1,0.5,"2","2","11"
"991",21,"exclosure",4,2011,2,0,0,"2","3","11"
"992",21,"exclosure",4,2012,2,1,0.5,"2","3","11"
"993",21,"exclosure",4,2013,1,0,0,"2","3","11"
"994",21,"exclosure",4,2014,3,1,0.333333333333333,"2","3","11"
"995",21,"exclosure",5,1994,1,0,0,"2","1","11"
"996",21,"exclosure",5,1997,2,1,0.5,"2","2","11"
"997",21,"exclosure",5,2006,1,0,0,"2","2","11"
"998",21,"exclosure",5,2010,1,0,0,"2","2","11"
"999",21,"exclosure",5,2011,7,3,0.428571428571429,"2","3","11"
"1000",21,"exclosure",5,2013,1,1,1,"2","3","11"
"1001",21,"exclosure",5,2014,7,2,0.285714285714286,"2","3","11"
"1002",21,"exclosure",6,1993,1,0,0,"3","1","11"
"1003",21,"exclosure",6,1994,1,0,0,"3","1","11"
"1004",21,"exclosure",6,1995,2,1,0.5,"3","2","11"
"1005",21,"exclosure",6,1996,2,1,0.5,"3","2","11"
"1006",21,"exclosure",6,1997,3,1,0.333333333333333,"3","2","11"
"1007",21,"exclosure",6,1998,1,1,1,"3","2","11"
"1008",21,"exclosure",6,2005,1,0,0,"3","2","11"
"1009",21,"exclosure",6,2007,1,0,0,"3","2","11"
"1010",21,"exclosure",6,2008,6,2,0.333333333333333,"3","2","11"
"1011",21,"exclosure",6,2009,3,1,0.333333333333333,"3","2","11"
"1012",21,"exclosure",6,2012,4,2,0.5,"3","3","11"
"1013",21,"exclosure",6,2014,7,2,0.285714285714286,"3","3","11"
"1014",21,"exclosure",7,1992,1,0,0,"3","1","11"
"1015",21,"exclosure",7,1993,1,1,1,"3","1","11"
"1016",21,"exclosure",7,1995,2,0,0,"3","2","11"
"1017",21,"exclosure",7,1996,3,1,0.333333333333333,"3","2","11"
"1018",21,"exclosure",7,1997,6,0,0,"3","2","11"
"1019",21,"exclosure",7,2003,2,0,0,"3","2","11"
"1020",21,"exclosure",7,2005,1,0,0,"3","2","11"
"1021",21,"exclosure",7,2006,5,2,0.4,"3","2","11"
"1022",21,"exclosure",7,2007,2,0,0,"3","2","11"
"1023",21,"exclosure",7,2008,3,0,0,"3","2","11"
"1024",21,"exclosure",7,2009,4,0,0,"3","2","11"
"1025",21,"exclosure",7,2010,3,0,0,"3","2","11"
"1026",21,"exclosure",7,2011,7,0,0,"3","3","11"
"1027",21,"exclosure",7,2012,11,2,0.181818181818182,"3","3","11"
"1028",21,"exclosure",7,2013,4,0,0,"3","3","11"
"1029",21,"exclosure",8,1992,2,0,0,"3","1","11"
"1030",21,"exclosure",8,1994,1,1,1,"3","1","11"
"1031",21,"exclosure",8,1995,1,0,0,"3","2","11"
"1032",21,"exclosure",8,1996,2,0,0,"3","2","11"
"1033",21,"exclosure",8,2000,1,0,0,"3","2","11"
"1034",21,"exclosure",8,2003,1,0,0,"3","2","11"
"1035",21,"exclosure",8,2004,1,0,0,"3","2","11"
"1036",21,"exclosure",8,2005,5,0,0,"3","2","11"
"1037",21,"exclosure",8,2008,3,0,0,"3","2","11"
"1038",21,"exclosure",8,2009,2,0,0,"3","2","11"
"1039",21,"exclosure",8,2011,17,4,0.235294117647059,"3","3","11"
"1040",21,"exclosure",8,2012,7,0,0,"3","3","11"
"1041",21,"exclosure",8,2014,12,0,0,"3","3","11"
"1042",21,"exclosure",9,1994,1,0,0,"4","1","11"
"1043",21,"exclosure",9,1995,3,1,0.333333333333333,"4","2","11"
"1044",21,"exclosure",9,1996,2,0,0,"4","2","11"
"1045",21,"exclosure",9,1997,1,0,0,"4","2","11"
"1046",21,"exclosure",9,1999,1,1,1,"4","2","11"
"1047",21,"exclosure",9,2004,1,0,0,"4","2","11"
"1048",21,"exclosure",9,2005,4,0,0,"4","2","11"
"1049",21,"exclosure",9,2006,1,1,1,"4","2","11"
"1050",21,"exclosure",9,2007,4,0,0,"4","2","11"
"1051",21,"exclosure",9,2008,2,0,0,"4","2","11"
"1052",21,"exclosure",9,2009,1,0,0,"4","2","11"
"1053",21,"exclosure",9,2010,6,1,0.166666666666667,"4","2","11"
"1054",21,"exclosure",9,2012,8,0,0,"4","3","11"
"1055",21,"exclosure",9,2013,4,0,0,"4","3","11"
"1056",21,"exclosure",9,2014,8,0,0,"4","3","11"
"1057",21,"exclosure",10,1994,1,0,0,"4","1","11"
"1058",21,"exclosure",10,1995,2,0,0,"4","2","11"
"1059",21,"exclosure",10,1997,1,0,0,"4","2","11"
"1060",21,"exclosure",10,2004,1,0,0,"4","2","11"
"1061",21,"exclosure",10,2006,4,2,0.5,"4","2","11"
"1062",21,"exclosure",10,2007,1,0,0,"4","2","11"
"1063",21,"exclosure",10,2011,24,3,0.125,"4","3","11"
"1064",21,"exclosure",10,2012,7,0,0,"4","3","11"
"1065",21,"exclosure",10,2014,2,0,0,"4","3","11"
"1066",21,"exclosure",11,2005,2,0,0,"4","2","11"
"1067",21,"exclosure",11,2006,5,0,0,"4","2","11"
"1068",21,"exclosure",11,2007,1,0,0,"4","2","11"
"1069",21,"exclosure",11,2010,2,0,0,"4","2","11"
"1070",21,"exclosure",11,2012,3,0,0,"4","3","11"
"1071",21,"exclosure",11,2013,4,0,0,"4","3","11"
"1072",21,"exclosure",11,2014,3,0,0,"4","3","11"
"1073",21,"exclosure",12,1995,5,1,0.2,"1","2","11"
"1074",21,"exclosure",12,1999,1,0,0,"1","2","11"
"1075",21,"exclosure",12,2006,3,1,0.333333333333333,"1","2","11"
"1076",21,"exclosure",12,2012,2,0,0,"1","3","11"
"1077",22,"control",2,2007,2,0,0,"1","2","12"
"1078",22,"control",3,2003,1,1,1,"2","2","12"
"1079",22,"control",3,2007,5,0,0,"2","2","12"
"1080",22,"control",3,2014,1,0,0,"2","3","12"
"1081",22,"control",4,1994,1,0,0,"2","1","12"
"1082",22,"control",4,1997,1,0,0,"2","2","12"
"1083",22,"control",4,2011,2,0,0,"2","3","12"
"1084",22,"control",4,2012,2,1,0.5,"2","3","12"
"1085",22,"control",4,2013,1,0,0,"2","3","12"
"1086",22,"control",4,2014,2,0,0,"2","3","12"
"1087",22,"control",5,1996,1,1,1,"2","2","12"
"1088",22,"control",5,2003,1,1,1,"2","2","12"
"1089",22,"control",5,2004,1,1,1,"2","2","12"
"1090",22,"control",5,2007,1,1,1,"2","2","12"
"1091",22,"control",5,2011,1,0,0,"2","3","12"
"1092",22,"control",5,2013,3,1,0.333333333333333,"2","3","12"
"1093",22,"control",5,2014,2,0,0,"2","3","12"
"1094",22,"control",6,2003,2,0,0,"3","2","12"
"1095",22,"control",6,2004,1,1,1,"3","2","12"
"1096",22,"control",6,2005,1,0,0,"3","2","12"
"1097",22,"control",6,2007,4,0,0,"3","2","12"
"1098",22,"control",6,2012,4,2,0.5,"3","3","12"
"1099",22,"control",6,2014,5,1,0.2,"3","3","12"
"1100",22,"control",7,1995,1,1,1,"3","2","12"
"1101",22,"control",7,1997,2,0,0,"3","2","12"
"1102",22,"control",7,2003,2,0,0,"3","2","12"
"1103",22,"control",7,2004,1,0,0,"3","2","12"
"1104",22,"control",7,2006,2,0,0,"3","2","12"
"1105",22,"control",7,2007,2,1,0.5,"3","2","12"
"1106",22,"control",7,2011,3,1,0.333333333333333,"3","3","12"
"1107",22,"control",7,2012,2,0,0,"3","3","12"
"1108",22,"control",7,2013,3,0,0,"3","3","12"
"1109",22,"control",8,1995,1,1,1,"3","2","12"
"1110",22,"control",8,2003,4,0,0,"3","2","12"
"1111",22,"control",8,2004,1,0,0,"3","2","12"
"1112",22,"control",8,2005,2,0,0,"3","2","12"
"1113",22,"control",8,2011,4,2,0.5,"3","3","12"
"1114",22,"control",8,2012,3,0,0,"3","3","12"
"1115",22,"control",8,2014,9,1,0.111111111111111,"3","3","12"
"1116",22,"control",9,2003,2,0,0,"4","2","12"
"1117",22,"control",9,2004,1,0,0,"4","2","12"
"1118",22,"control",9,2005,1,0,0,"4","2","12"
"1119",22,"control",9,2006,1,1,1,"4","2","12"
"1120",22,"control",9,2007,4,0,0,"4","2","12"
"1121",22,"control",9,2010,3,0,0,"4","2","12"
"1122",22,"control",9,2012,1,0,0,"4","3","12"
"1123",22,"control",9,2013,2,1,0.5,"4","3","12"
"1124",22,"control",9,2014,4,0,0,"4","3","12"
"1125",22,"control",10,1991,1,0,0,"4","1","12"
"1126",22,"control",10,2002,1,0,0,"4","2","12"
"1127",22,"control",10,2003,1,0,0,"4","2","12"
"1128",22,"control",10,2007,1,0,0,"4","2","12"
"1129",22,"control",10,2011,7,0,0,"4","3","12"
"1130",22,"control",10,2012,1,0,0,"4","3","12"
"1131",22,"control",10,2014,3,0,0,"4","3","12"
"1132",22,"control",11,2003,1,0,0,"4","2","12"
"1133",22,"control",11,2006,4,1,0.25,"4","2","12"
"1134",22,"control",11,2010,2,0,0,"4","2","12"
"1135",22,"control",11,2012,1,0,0,"4","3","12"
"1136",22,"control",11,2013,1,0,0,"4","3","12"
"1137",22,"control",12,2006,3,0,0,"1","2","12"
